Letter,Hypothesised_Frequency,Actual_Appearances
a,0.08167,19890
b,0.01492,1701
c,0.02782,5556
d,0.04253,10578
e,0.12703,29479
f,0.02228,4252
g,0.02015,5601
h,0.06094,8663
i,0.06966,9267
j,0.00153,276
k,0.00772,2244
l,0.04025,9458
m,0.02406,7184
n,0.06749,13765
o,0.07507,16986
p,0.01929,5887
q,0.00095,153
r,0.05987,7984
s,0.06327,11181
t,0.09056,27087
u,0.02758,5277
v,0.00978,3031
w,0.0236,7670
x,0.0015,200
y,0.01974,3396
z,0.00074,159